CREATE TABLE `csc3170`.`orders` (
  `orderID` INT NOT NULL,
  `custID` INT NOT NULL,
  `sellerID` INT NOT NULL,
  `time` DATETIME NULL,
  `address` VARCHAR(50) NULL,
  `status` INT NULL,
  PRIMARY KEY (`orderID`));

CREATE TABLE `csc3170`.`order_item` (
  `orderID` INT NOT NULL,
  `itemID` INT NOT NULL,
  `quantity` INT NOT NULL,
  `rating` INT NOT NULL,
  PRIMARY KEY (`orderID`, `itemID`));

CREATE TABLE `csc3170`.`items` (
  `itemID` INT NOT NULL,
  `sellerID` INT NOT NULL,
  `type` VARCHAR(50) NOT NULL,
  `description` VARCHAR(200) NULL,
  `stock` INT NOT NULL,
  PRIMARY KEY (`itemID`));

CREATE TABLE `csc3170`.`sellers` (
  `sellerID` INT NOT NULL,
  `seller_name` VARCHAR(50) NOT NULL,
  PRIMARY KEY (`sellerID`));

CREATE TABLE `csc3170`.`customers` (
  `custID` INT NOT NULL,
  `cust_name` VARCHAR(50) NOT NULL,
  `cust_gender` VARCHAR(6) NOT NULL,
  `cust_age` INT NOT NULL,
  PRIMARY KEY (`custID`));

CREATE TABLE `csc3170`.`addresses` (
  `custID` INT NOT NULL,
  `address` VARCHAR(200) NOT NULL,
  PRIMARY KEY (`custID`, `address`));

insert into items(itemID,sellerID,type,description,stock) values('1','4','Car','We use…','85');
insert into items(itemID,sellerID,type,description,stock) values('2','8','Jewelry','Our…','20');
insert into items(itemID,sellerID,type,description,stock) values('3','7','Home improvement products','A wide range…','62');
insert into items(itemID,sellerID,type,description,stock) values('4','5','Car','Focusing on…','57');
insert into items(itemID,sellerID,type,description,stock) values('5','9','Medicine','We also…','100');
insert into items(itemID,sellerID,type,description,stock) values('6','2','Digital appliance','These occupational…','93');
insert into items(itemID,sellerID,type,description,stock) values('7','10','Food','We also…','82');
insert into items(itemID,sellerID,type,description,stock) values('8','7','Food','Finally…','81');
insert into items(itemID,sellerID,type,description,stock) values('9','1','Food','The U.S….','18');
insert into items(itemID,sellerID,type,description,stock) values('10','10','Food','From the…','55');
insert into items(itemID,sellerID,type,description,stock) values('11','8','Digital appliance','The light…','32');
insert into items(itemID,sellerID,type,description,stock) values('12','3','Wear','Young…','36');
insert into items(itemID,sellerID,type,description,stock) values('13','9','Home improvement products','Employment…','32');
insert into items(itemID,sellerID,type,description,stock) values('14','6','Jewelry','Comparing…','90');
insert into items(itemID,sellerID,type,description,stock) values('15','4','Digital appliance','They did…','40');
insert into items(itemID,sellerID,type,description,stock) values('16','10','Car','The bar…','64');
insert into items(itemID,sellerID,type,description,stock) values('17','3','Packaging','To examine…','71');
insert into items(itemID,sellerID,type,description,stock) values('18','2','Articles of luxury','Ignoring…','46');
insert into items(itemID,sellerID,type,description,stock) values('19','7','Food','Table 1...','20');
insert into items(itemID,sellerID,type,description,stock) values('20','2','Food','In the analysis…','48');
insert into items(itemID,sellerID,type,description,stock) values('21','7','Food','Working…','38');
insert into items(itemID,sellerID,type,description,stock) values('22','10','Medicine','which…','72');
insert into items(itemID,sellerID,type,description,stock) values('23','6','Car','The regressions…','17');
insert into items(itemID,sellerID,type,description,stock) values('24','9','Medicine','higher for…','92');
insert into items(itemID,sellerID,type,description,stock) values('25','1','Mother and baby products','but on…','62');
insert into items(itemID,sellerID,type,description,stock) values('26','4','Home improvement products','Table shows...','45');
insert into items(itemID,sellerID,type,description,stock) values('27','8','Mother and baby products','which may…','29');
insert into items(itemID,sellerID,type,description,stock) values('28','8','Food','The education…','17');
insert into items(itemID,sellerID,type,description,stock) values('29','6','Phone','Appendix....','33');
insert into items(itemID,sellerID,type,description,stock) values('30','4','Jewelry','Overall, mortality…','20');
insert into items(itemID,sellerID,type,description,stock) values('31','9','Articles of luxury','In Appendix...','68');
insert into items(itemID,sellerID,type,description,stock) values('32','5','Home improvement products','we examine…','24');
insert into items(itemID,sellerID,type,description,stock) values('33','3','Food','examines the…','30');
insert into items(itemID,sellerID,type,description,stock) values('34','6','Food','Recent unemployment…','67');
insert into items(itemID,sellerID,type,description,stock) values('35','7','Phone','these differences…','90');
insert into items(itemID,sellerID,type,description,stock) values('36','7','Food','In this section…','34');
insert into items(itemID,sellerID,type,description,stock) values('37','9','Food','Rather, they reflect…','31');
insert into items(itemID,sellerID,type,description,stock) values('38','2','Food','We examine…','72');
insert into items(itemID,sellerID,type,description,stock) values('39','8','Car','For each gap…','94');
insert into items(itemID,sellerID,type,description,stock) values('40','10','Mother and baby products','Focusing first…','81');
insert into items(itemID,sellerID,type,description,stock) values('41','6','Jewelry','The gender…','65');
insert into items(itemID,sellerID,type,description,stock) values('42','7','Jewelry','However, there…','57');
insert into items(itemID,sellerID,type,description,stock) values('43','8','Articles of luxury','The largest…','87');
insert into items(itemID,sellerID,type,description,stock) values('44','7','Wear','All of the…','91');
insert into items(itemID,sellerID,type,description,stock) values('45','8','Home improvement products','In May…','17');
insert into items(itemID,sellerID,type,description,stock) values('46','5','Packaging','Curiously…','27');
insert into items(itemID,sellerID,type,description,stock) values('47','10','Digital appliance','Consistent…','92');
insert into items(itemID,sellerID,type,description,stock) values('48','6','Mother and baby products','This finding…','18');
insert into items(itemID,sellerID,type,description,stock) values('49','7','Food',' Finally, we…','60');
insert into items(itemID,sellerID,type,description,stock) values('50','1','Phone','After only…','14');
insert into orders(orderID,custID,sellerID,time,address,status) values('1','2','1','20140423','102157','1');
insert into orders(orderID,custID,sellerID,time,address,status) values('2','8','2','20140428','385567','1');
insert into orders(orderID,custID,sellerID,time,address,status) values('3','3','1','20120923','102415','0');
insert into orders(orderID,custID,sellerID,time,address,status) values('4','7','1','20150413','325643','1');
insert into orders(orderID,custID,sellerID,time,address,status) values('5','4','6','20170209','103542','0');
insert into orders(orderID,custID,sellerID,time,address,status) values('6','8','2','20210828','385567','0');
insert into orders(orderID,custID,sellerID,time,address,status) values('7','3','6','20191125','102415','1');
insert into orders(orderID,custID,sellerID,time,address,status) values('8','6','10','20171203','345795','1');
insert into orders(orderID,custID,sellerID,time,address,status) values('9','5','10','20190315','235674','0');
insert into orders(orderID,custID,sellerID,time,address,status) values('10','6','4','20160817','345795','0');
insert into orders(orderID,custID,sellerID,time,address,status) values('11','3','7','20201116','102415','0');
insert into orders(orderID,custID,sellerID,time,address,status) values('12','9','9','20151216','243156','1');
insert into orders(orderID,custID,sellerID,time,address,status) values('13','3','5','20140717','102415','0');
insert into orders(orderID,custID,sellerID,time,address,status) values('14','2','8','20181212','102157','0');
insert into orders(orderID,custID,sellerID,time,address,status) values('15','10','4','20160817','235672','1');
insert into orders(orderID,custID,sellerID,time,address,status) values('16','9','8','20161126','243156','1');
insert into orders(orderID,custID,sellerID,time,address,status) values('17','5','6','20120807','235674','1');
insert into orders(orderID,custID,sellerID,time,address,status) values('18','2','4','20130812','102157','1');
insert into orders(orderID,custID,sellerID,time,address,status) values('19','9','6','20211118','243156','1');
insert into orders(orderID,custID,sellerID,time,address,status) values('20','4','4','20120724','103542','1');
insert into orders(orderID,custID,sellerID,time,address,status) values('21','2','4','20150423','102157','1');
insert into orders(orderID,custID,sellerID,time,address,status) values('22','8','7','20161102','385567','1');
insert into orders(orderID,custID,sellerID,time,address,status) values('23','1','6','20141114','102122','0');
insert into orders(orderID,custID,sellerID,time,address,status) values('24','6','7','20141215','345795','1');
insert into orders(orderID,custID,sellerID,time,address,status) values('25','7','6','20200404','325643','1');
insert into orders(orderID,custID,sellerID,time,address,status) values('26','10','4','20130904','235672','1');
insert into orders(orderID,custID,sellerID,time,address,status) values('27','2','4','20140326','102157','0');
insert into orders(orderID,custID,sellerID,time,address,status) values('28','7','5','20160103','325643','0');
insert into orders(orderID,custID,sellerID,time,address,status) values('29','9','6','20190308','243156','0');
insert into orders(orderID,custID,sellerID,time,address,status) values('30','5','6','20160505','235674','1');
insert into orders(orderID,custID,sellerID,time,address,status) values('31','8','8','20141101','385567','0');
insert into orders(orderID,custID,sellerID,time,address,status) values('32','4','6','20141204','103542','0');
insert into orders(orderID,custID,sellerID,time,address,status) values('33','3','10','20180817','102415','1');
insert into orders(orderID,custID,sellerID,time,address,status) values('34','9','7','20170223','243156','1');
insert into orders(orderID,custID,sellerID,time,address,status) values('35','8','5','20170810','385567','0');
insert into orders(orderID,custID,sellerID,time,address,status) values('36','2','9','20161001','102157','1');
insert into orders(orderID,custID,sellerID,time,address,status) values('37','6','10','20100814','345795','0');
insert into orders(orderID,custID,sellerID,time,address,status) values('38','5','4','20150504','235674','1');
insert into orders(orderID,custID,sellerID,time,address,status) values('39','5','9','20180328','235674','0');
insert into orders(orderID,custID,sellerID,time,address,status) values('40','3','2','20100119','102415','1');
insert into orders(orderID,custID,sellerID,time,address,status) values('41','8','1','20100923','385567','0');
insert into orders(orderID,custID,sellerID,time,address,status) values('42','8','4','20130418','385567','1');
insert into orders(orderID,custID,sellerID,time,address,status) values('43','1','4','20160626','102122','1');
insert into orders(orderID,custID,sellerID,time,address,status) values('44','3','6','20150608','102415','0');
insert into orders(orderID,custID,sellerID,time,address,status) values('45','3','6','20130625','102415','1');
insert into orders(orderID,custID,sellerID,time,address,status) values('46','2','5','20140112','102157','0');
insert into orders(orderID,custID,sellerID,time,address,status) values('47','9','9','20160301','243156','0');
insert into orders(orderID,custID,sellerID,time,address,status) values('48','10','8','20100610','235672','0');
insert into orders(orderID,custID,sellerID,time,address,status) values('49','6','10','20100609','345795','1');
insert into orders(orderID,custID,sellerID,time,address,status) values('50','6','8','20131223','345795','1');
insert into orders(orderID,custID,sellerID,time,address,status) values('51','3','8','20120712','102415','0');
insert into orders(orderID,custID,sellerID,time,address,status) values('52','3','5','20130507','102415','0');
insert into orders(orderID,custID,sellerID,time,address,status) values('53','8','2','20210917','385567','1');
insert into orders(orderID,custID,sellerID,time,address,status) values('54','1','5','20110805','102122','1');
insert into orders(orderID,custID,sellerID,time,address,status) values('55','5','1','20110921','235674','0');
insert into orders(orderID,custID,sellerID,time,address,status) values('56','10','4','20110328','235672','0');
insert into orders(orderID,custID,sellerID,time,address,status) values('57','1','3','20110309','102122','0');
insert into orders(orderID,custID,sellerID,time,address,status) values('58','9','1','20100410','243156','0');
insert into orders(orderID,custID,sellerID,time,address,status) values('59','4','6','20120325','103542','1');
insert into orders(orderID,custID,sellerID,time,address,status) values('60','6','10','20181105','345795','1');
insert into orders(orderID,custID,sellerID,time,address,status) values('61','7','2','20170523','325643','0');
insert into orders(orderID,custID,sellerID,time,address,status) values('62','1','8','20110517','102122','1');
insert into orders(orderID,custID,sellerID,time,address,status) values('63','4','7','20200515','103542','0');
insert into orders(orderID,custID,sellerID,time,address,status) values('64','10','2','20161026','235672','1');
insert into orders(orderID,custID,sellerID,time,address,status) values('65','2','10','20140527','102157','0');
insert into orders(orderID,custID,sellerID,time,address,status) values('66','9','3','20120521','243156','1');
insert into orders(orderID,custID,sellerID,time,address,status) values('67','7','8','20121024','325643','1');
insert into orders(orderID,custID,sellerID,time,address,status) values('68','10','9','20160804','235672','0');
insert into orders(orderID,custID,sellerID,time,address,status) values('69','5','3','20161223','235674','0');
insert into orders(orderID,custID,sellerID,time,address,status) values('70','3','2','20100122','102415','0');
insert into orders(orderID,custID,sellerID,time,address,status) values('71','6','4','20170409','345795','0');
insert into orders(orderID,custID,sellerID,time,address,status) values('72','5','4','20140724','235674','0');
insert into orders(orderID,custID,sellerID,time,address,status) values('73','4','6','20210707','103542','1');
insert into orders(orderID,custID,sellerID,time,address,status) values('74','4','7','20100928','103542','1');
insert into orders(orderID,custID,sellerID,time,address,status) values('75','7','1','20191021','325643','0');
insert into orders(orderID,custID,sellerID,time,address,status) values('76','9','2','20120228','243156','1');
insert into orders(orderID,custID,sellerID,time,address,status) values('77','10','10','20210814','235672','1');
insert into orders(orderID,custID,sellerID,time,address,status) values('78','6','9','20200424','345795','1');
insert into orders(orderID,custID,sellerID,time,address,status) values('79','2','10','20140415','102157','1');
insert into orders(orderID,custID,sellerID,time,address,status) values('80','3','1','20120126','102415','0');
insert into orders(orderID,custID,sellerID,time,address,status) values('81','8','3','20111011','385567','1');
insert into orders(orderID,custID,sellerID,time,address,status) values('82','1','9','20140923','102122','1');
insert into orders(orderID,custID,sellerID,time,address,status) values('83','2','9','20210213','102157','1');
insert into orders(orderID,custID,sellerID,time,address,status) values('84','5','5','20160913','235674','0');
insert into orders(orderID,custID,sellerID,time,address,status) values('85','3','4','20200616','102415','0');
insert into orders(orderID,custID,sellerID,time,address,status) values('86','10','1','20140907','235672','0');
insert into orders(orderID,custID,sellerID,time,address,status) values('87','6','6','20140625','345795','1');
insert into orders(orderID,custID,sellerID,time,address,status) values('88','2','1','20140701','102157','1');
insert into orders(orderID,custID,sellerID,time,address,status) values('89','5','9','20210422','235674','0');
insert into orders(orderID,custID,sellerID,time,address,status) values('90','9','6','20120207','243156','0');
insert into orders(orderID,custID,sellerID,time,address,status) values('91','4','3','20170726','103542','1');
insert into orders(orderID,custID,sellerID,time,address,status) values('92','3','10','20171009','102415','1');
insert into orders(orderID,custID,sellerID,time,address,status) values('93','2','5','20150605','102157','1');
insert into orders(orderID,custID,sellerID,time,address,status) values('94','6','6','20121221','345795','0');
insert into orders(orderID,custID,sellerID,time,address,status) values('95','10','8','20110220','235672','1');
insert into orders(orderID,custID,sellerID,time,address,status) values('96','9','4','20150301','243156','1');
insert into orders(orderID,custID,sellerID,time,address,status) values('97','8','4','20180728','385567','1');
insert into orders(orderID,custID,sellerID,time,address,status) values('98','7','2','20160628','325643','1');
insert into orders(orderID,custID,sellerID,time,address,status) values('99','2','6','20140920','102157','1');
insert into orders(orderID,custID,sellerID,time,address,status) values('100','5','8','20200421','235674','0');
insert into orders(orderID,custID,sellerID,time,address,status) values('101','1','7','20200211','102122','1');
insert into orders(orderID,custID,sellerID,time,address,status) values('102','3','7','20200104','102415','1');
insert into orders(orderID,custID,sellerID,time,address,status) values('103','4','7','20201022','103542','1');
insert into orders(orderID,custID,sellerID,time,address,status) values('104','5','7','20201214','235674','1');
insert into orders(orderID,custID,sellerID,time,address,status) values('105','6','7','20201028','345795','1');
insert into orders(orderID,custID,sellerID,time,address,status) values('106','8','7','20200804','385567','0');
insert into orders(orderID,custID,sellerID,time,address,status) values('107','1','7','20200805','102122','0');
insert into orders(orderID,custID,sellerID,time,address,status) values('108','2','7','20201128','102157','1');
insert into orders(orderID,custID,sellerID,time,address,status) values('109','10','7','20200205','235672','1');
insert into orders(orderID,custID,sellerID,time,address,status) values('110','8','7','20201117','385567','1');
insert into orders(orderID,custID,sellerID,time,address,status) values('111','9','7','20201127','243156','1');
insert into orders(orderID,custID,sellerID,time,address,status) values('112','6','7','20201108','345795','1');
insert into orders(orderID,custID,sellerID,time,address,status) values('113','5','7','20200201','235674','1');
insert into orders(orderID,custID,sellerID,time,address,status) values('114','3','7','20200324','102415','1');
insert into orders(orderID,custID,sellerID,time,address,status) values('115','2','7','20200625','102157','1');
insert into orders(orderID,custID,sellerID,time,address,status) values('116','1','7','20200511','102122','1');
insert into orders(orderID,custID,sellerID,time,address,status) values('117','4','7','20200302','103542','1');
insert into orders(orderID,custID,sellerID,time,address,status) values('118','6','7','20200710','345795','1');
insert into orders(orderID,custID,sellerID,time,address,status) values('119','7','7','20200811','325643','1');
insert into orders(orderID,custID,sellerID,time,address,status) values('120','8','7','20211022','385567','1');
insert into orders(orderID,custID,sellerID,time,address,status) values('121','5','7','20211225','235674','1');
insert into orders(orderID,custID,sellerID,time,address,status) values('122','3','7','20210422','102415','0');
insert into orders(orderID,custID,sellerID,time,address,status) values('123','4','7','20210522','103542','1');
insert into orders(orderID,custID,sellerID,time,address,status) values('124','2','7','20210710','102157','1');
insert into orders(orderID,custID,sellerID,time,address,status) values('125','3','7','20210919','102415','1');
insert into order_item(orderID,itemID,quantity,rating) values('1','9','1','4');
insert into order_item(orderID,itemID,quantity,rating) values('1','25','6','4');
insert into order_item(orderID,itemID,quantity,rating) values('2','6','4','7');
insert into order_item(orderID,itemID,quantity,rating) values('2','18','9','2');
insert into order_item(orderID,itemID,quantity,rating) values('3','17','2','10');
insert into order_item(orderID,itemID,quantity,rating) values('4','9','8','8');
insert into order_item(orderID,itemID,quantity,rating) values('4','25','10','1');
insert into order_item(orderID,itemID,quantity,rating) values('4','50','4','5');
insert into order_item(orderID,itemID,quantity,rating) values('5','14','8','3');
insert into order_item(orderID,itemID,quantity,rating) values('6','6','8','1');
insert into order_item(orderID,itemID,quantity,rating) values('6','18','9','6');
insert into order_item(orderID,itemID,quantity,rating) values('6','20','5','3');
insert into order_item(orderID,itemID,quantity,rating) values('7','23','6','6');
insert into order_item(orderID,itemID,quantity,rating) values('8','7','4','3');
insert into order_item(orderID,itemID,quantity,rating) values('9','10','4','10');
insert into order_item(orderID,itemID,quantity,rating) values('10','1','6','2');
insert into order_item(orderID,itemID,quantity,rating) values('11','3','9','8');
insert into order_item(orderID,itemID,quantity,rating) values('11','8','8','6');
insert into order_item(orderID,itemID,quantity,rating) values('12','5','6','6');
insert into order_item(orderID,itemID,quantity,rating) values('13','4','7','1');
insert into order_item(orderID,itemID,quantity,rating) values('14','2','8','6');
insert into order_item(orderID,itemID,quantity,rating) values('15','15','3','3');
insert into order_item(orderID,itemID,quantity,rating) values('15','26','5','2');
insert into order_item(orderID,itemID,quantity,rating) values('16','11','5','3');
insert into order_item(orderID,itemID,quantity,rating) values('17','29','5','8');
insert into order_item(orderID,itemID,quantity,rating) values('18','30','6','1');
insert into order_item(orderID,itemID,quantity,rating) values('19','34','2','4');
insert into order_item(orderID,itemID,quantity,rating) values('20','1','5','9');
insert into order_item(orderID,itemID,quantity,rating) values('20','15','2','10');
insert into order_item(orderID,itemID,quantity,rating) values('21','26','9','10');
insert into order_item(orderID,itemID,quantity,rating) values('22','19','9','9');
insert into order_item(orderID,itemID,quantity,rating) values('23','41','6','3');
insert into order_item(orderID,itemID,quantity,rating) values('24','21','3','10');
insert into order_item(orderID,itemID,quantity,rating) values('25','48','2','8');
insert into order_item(orderID,itemID,quantity,rating) values('26','1','2','8');
insert into order_item(orderID,itemID,quantity,rating) values('27','15','2','7');
insert into order_item(orderID,itemID,quantity,rating) values('28','32','8','2');
insert into order_item(orderID,itemID,quantity,rating) values('29','41','8','5');
insert into order_item(orderID,itemID,quantity,rating) values('30','48','7','7');
insert into order_item(orderID,itemID,quantity,rating) values('31','27','2','9');
insert into order_item(orderID,itemID,quantity,rating) values('32','14','2','3');
insert into order_item(orderID,itemID,quantity,rating) values('33','16','9','1');
insert into order_item(orderID,itemID,quantity,rating) values('34','35','2','7');
insert into order_item(orderID,itemID,quantity,rating) values('35','46','3','9');
insert into order_item(orderID,itemID,quantity,rating) values('35','4','6','2');
insert into order_item(orderID,itemID,quantity,rating) values('36','13','10','10');
insert into order_item(orderID,itemID,quantity,rating) values('37','22','8','10');
insert into order_item(orderID,itemID,quantity,rating) values('38','26','10','4');
insert into order_item(orderID,itemID,quantity,rating) values('39','24','6','5');
insert into order_item(orderID,itemID,quantity,rating) values('39','31','1','1');
insert into order_item(orderID,itemID,quantity,rating) values('40','38','3','4');
insert into order_item(orderID,itemID,quantity,rating) values('40','6','9','5');
insert into order_item(orderID,itemID,quantity,rating) values('40','18','6','2');
insert into order_item(orderID,itemID,quantity,rating) values('41','9','7','8');
insert into order_item(orderID,itemID,quantity,rating) values('41','25','4','8');
insert into order_item(orderID,itemID,quantity,rating) values('42','30','8','3');
insert into order_item(orderID,itemID,quantity,rating) values('42','1','1','2');
insert into order_item(orderID,itemID,quantity,rating) values('43','15','5','2');
insert into order_item(orderID,itemID,quantity,rating) values('44','23','5','7');
insert into order_item(orderID,itemID,quantity,rating) values('44','14','7','10');
insert into order_item(orderID,itemID,quantity,rating) values('44','48','7','6');
insert into order_item(orderID,itemID,quantity,rating) values('45','41','7','8');
insert into order_item(orderID,itemID,quantity,rating) values('46','4','4','6');
insert into order_item(orderID,itemID,quantity,rating) values('47','37','4','6');
insert into order_item(orderID,itemID,quantity,rating) values('48','28','2','9');
insert into order_item(orderID,itemID,quantity,rating) values('49','40','8','10');
insert into order_item(orderID,itemID,quantity,rating) values('50','39','7','8');
insert into order_item(orderID,itemID,quantity,rating) values('51','43','1','10');
insert into order_item(orderID,itemID,quantity,rating) values('52','4','3','9');
insert into order_item(orderID,itemID,quantity,rating) values('53','6','9','1');
insert into order_item(orderID,itemID,quantity,rating) values('53','20','4','5');
insert into order_item(orderID,itemID,quantity,rating) values('54','32','2','3');
insert into order_item(orderID,itemID,quantity,rating) values('55','50','4','9');
insert into order_item(orderID,itemID,quantity,rating) values('56','15','3','3');
insert into order_item(orderID,itemID,quantity,rating) values('57','12','10','7');
insert into order_item(orderID,itemID,quantity,rating) values('57','17','4','7');
insert into order_item(orderID,itemID,quantity,rating) values('58','9','3','2');
insert into order_item(orderID,itemID,quantity,rating) values('59','41','6','4');
insert into order_item(orderID,itemID,quantity,rating) values('60','47','6','9');
insert into order_item(orderID,itemID,quantity,rating) values('60','7','4','4');
insert into order_item(orderID,itemID,quantity,rating) values('60','10','6','1');
insert into order_item(orderID,itemID,quantity,rating) values('60','16','3','10');
insert into order_item(orderID,itemID,quantity,rating) values('60','22','1','7');
insert into order_item(orderID,itemID,quantity,rating) values('61','38','9','8');
insert into order_item(orderID,itemID,quantity,rating) values('62','45','1','3');
insert into order_item(orderID,itemID,quantity,rating) values('63','36','3','6');
insert into order_item(orderID,itemID,quantity,rating) values('64','18','9','6');
insert into order_item(orderID,itemID,quantity,rating) values('65','40','6','7');
insert into order_item(orderID,itemID,quantity,rating) values('66','12','1','5');
insert into order_item(orderID,itemID,quantity,rating) values('67','43','6','5');
insert into order_item(orderID,itemID,quantity,rating) values('68','5','10','8');
insert into order_item(orderID,itemID,quantity,rating) values('69','17','5','7');
insert into order_item(orderID,itemID,quantity,rating) values('70','18','10','8');
insert into order_item(orderID,itemID,quantity,rating) values('71','26','3','9');
insert into order_item(orderID,itemID,quantity,rating) values('71','30','7','7');
insert into order_item(orderID,itemID,quantity,rating) values('72','1','4','6');
insert into order_item(orderID,itemID,quantity,rating) values('73','23','5','3');
insert into order_item(orderID,itemID,quantity,rating) values('73','41','6','10');
insert into order_item(orderID,itemID,quantity,rating) values('73','48','5','5');
insert into order_item(orderID,itemID,quantity,rating) values('74','49','7','10');
insert into order_item(orderID,itemID,quantity,rating) values('74','44','9','9');
insert into order_item(orderID,itemID,quantity,rating) values('74','42','8','7');
insert into order_item(orderID,itemID,quantity,rating) values('75','9','10','9');
insert into order_item(orderID,itemID,quantity,rating) values('76','18','10','3');
insert into order_item(orderID,itemID,quantity,rating) values('76','20','1','9');
insert into order_item(orderID,itemID,quantity,rating) values('77','7','5','1');
insert into order_item(orderID,itemID,quantity,rating) values('78','13','10','7');
insert into order_item(orderID,itemID,quantity,rating) values('78','24','3','1');
insert into order_item(orderID,itemID,quantity,rating) values('78','31','6','9');
insert into order_item(orderID,itemID,quantity,rating) values('79','22','3','9');
insert into order_item(orderID,itemID,quantity,rating) values('80','25','5','2');
insert into order_item(orderID,itemID,quantity,rating) values('81','12','6','1');
insert into order_item(orderID,itemID,quantity,rating) values('82','37','5','8');
insert into order_item(orderID,itemID,quantity,rating) values('83','5','10','3');
insert into order_item(orderID,itemID,quantity,rating) values('84','46','2','5');
insert into order_item(orderID,itemID,quantity,rating) values('85','26','2','3');
insert into order_item(orderID,itemID,quantity,rating) values('86','50','3','7');
insert into order_item(orderID,itemID,quantity,rating) values('87','29','7','3');
insert into order_item(orderID,itemID,quantity,rating) values('88','9','6','4');
insert into order_item(orderID,itemID,quantity,rating) values('89','31','6','6');
insert into order_item(orderID,itemID,quantity,rating) values('90','34','5','1');
insert into order_item(orderID,itemID,quantity,rating) values('90','14','3','9');
insert into order_item(orderID,itemID,quantity,rating) values('91','33','1','3');
insert into order_item(orderID,itemID,quantity,rating) values('92','40','3','8');
insert into order_item(orderID,itemID,quantity,rating) values('93','32','9','9');
insert into order_item(orderID,itemID,quantity,rating) values('93','46','3','7');
insert into order_item(orderID,itemID,quantity,rating) values('94','48','6','9');
insert into order_item(orderID,itemID,quantity,rating) values('95','2','8','9');
insert into order_item(orderID,itemID,quantity,rating) values('96','1','1','5');
insert into order_item(orderID,itemID,quantity,rating) values('97','15','3','3');
insert into order_item(orderID,itemID,quantity,rating) values('97','26','2','2');
insert into order_item(orderID,itemID,quantity,rating) values('97','30','4','3');
insert into order_item(orderID,itemID,quantity,rating) values('98','20','9','7');
insert into order_item(orderID,itemID,quantity,rating) values('98','18','4','7');
insert into order_item(orderID,itemID,quantity,rating) values('99','41','10','7');
insert into order_item(orderID,itemID,quantity,rating) values('100','11','9','4');
insert into order_item(orderID,itemID,quantity,rating) values('101','3','5','9');
insert into order_item(orderID,itemID,quantity,rating) values('102','8','4','10');
insert into order_item(orderID,itemID,quantity,rating) values('103','19','2','9');
insert into order_item(orderID,itemID,quantity,rating) values('104','21','6','2');
insert into order_item(orderID,itemID,quantity,rating) values('105','35','2','10');
insert into order_item(orderID,itemID,quantity,rating) values('106','36','5','5');
insert into order_item(orderID,itemID,quantity,rating) values('107','42','9','10');
insert into order_item(orderID,itemID,quantity,rating) values('108','44','4','2');
insert into order_item(orderID,itemID,quantity,rating) values('109','49','7','7');
insert into order_item(orderID,itemID,quantity,rating) values('110','3','8','7');
insert into order_item(orderID,itemID,quantity,rating) values('111','3','1','9');
insert into order_item(orderID,itemID,quantity,rating) values('112','8','10','9');
insert into order_item(orderID,itemID,quantity,rating) values('113','8','4','6');
insert into order_item(orderID,itemID,quantity,rating) values('114','19','8','10');
insert into order_item(orderID,itemID,quantity,rating) values('115','19','5','7');
insert into order_item(orderID,itemID,quantity,rating) values('116','44','6','7');
insert into order_item(orderID,itemID,quantity,rating) values('117','49','3','4');
insert into order_item(orderID,itemID,quantity,rating) values('118','49','10','8');
insert into order_item(orderID,itemID,quantity,rating) values('119','42','1','4');
insert into order_item(orderID,itemID,quantity,rating) values('120','35','6','6');
insert into order_item(orderID,itemID,quantity,rating) values('121','36','10','9');
insert into order_item(orderID,itemID,quantity,rating) values('122','36','2','9');
insert into order_item(orderID,itemID,quantity,rating) values('123','21','1','5');
insert into order_item(orderID,itemID,quantity,rating) values('124','3','10','4');
insert into order_item(orderID,itemID,quantity,rating) values('125','42','1','4');
insert into sellers(sellerID,seller_name) values('1','Wade');
insert into sellers(sellerID,seller_name) values('2','Gail');
insert into sellers(sellerID,seller_name) values('3','Gallagher');
insert into sellers(sellerID,seller_name) values('4','Calvin');
insert into sellers(sellerID,seller_name) values('5','Babs');
insert into sellers(sellerID,seller_name) values('6','Babington');
insert into sellers(sellerID,seller_name) values('7','Oakley');
insert into sellers(sellerID,seller_name) values('8','Olive');
insert into sellers(sellerID,seller_name) values('9','Una');
insert into sellers(sellerID,seller_name) values('10','Gage');
insert into addresses(custID,address) values('1','102122');
insert into addresses(custID,address) values('2','102157');
insert into addresses(custID,address) values('3','102415');
insert into addresses(custID,address) values('4','103542');
insert into addresses(custID,address) values('5','235674');
insert into addresses(custID,address) values('6','345795');
insert into addresses(custID,address) values('7','325643');
insert into addresses(custID,address) values('8','385567');
insert into addresses(custID,address) values('9','243156');
insert into addresses(custID,address) values('10','235672');
insert into customers(custID,cust_name,cust_gender,cust_age) values('1','Abia','man','21');
insert into customers(custID,cust_name,cust_gender,cust_age) values('2','Brewster','woman','34');
insert into customers(custID,cust_name,cust_gender,cust_age) values('3','Bridget','man','56');
insert into customers(custID,cust_name,cust_gender,cust_age) values('4','Fabian','woman','12');
insert into customers(custID,cust_name,cust_gender,cust_age) values('5','Pack','woman','67');
insert into customers(custID,cust_name,cust_gender,cust_age) values('6','Tabor','man','28');
insert into customers(custID,cust_name,cust_gender,cust_age) values('7','Halley','woman','31');
insert into customers(custID,cust_name,cust_gender,cust_age) values('8','Eddy','woman','44');
insert into customers(custID,cust_name,cust_gender,cust_age) values('9','Dan','man','52');
insert into customers(custID,cust_name,cust_gender,cust_age) values('10','Zola','man','25');
